<?xml version="1.0" encoding="UTF-8" ?>
<!DOCTYPE configuration PUBLIC "-//mybatis.org//DTD Config 3.0//EN"
"http://mybatis.org/dtd/mybatis-3-config.dtd">
<configuration>
		
	<typeAliases>
	   <typeAlias alias="dto" type="com.myspring.springBBS.BoardDTO"/>
	</typeAliases>
	
	<mappers>
		<mapper resource="config/mybatis/board.xml"/>
		<mapper resource="config/mybatis/board_reply.xml"/>
		<mapper resource="config/mybatis/account.xml"/>
		<mapper resource="config/mybatis/login.xml"/>
	</mappers>
</configuration>
